Issuer,Currency,Coupon,Yield,Moody's Rating,Maturity Date,Bid,Ask
"Canada, Government of...",CAD,0.25%,2.34%,Aaa,3/1/2026,99.71,99.8
"Canada, Government of...",CAD,1.00%,2.31%,Aaa,9/1/2026,99.22,99.23
"Canada, Government of...",CAD,1.25%,2.45%,Aaa,3/1/2027,98.38,99.01
"Canada, Government of...",CAD,2.75%,2.56%,Aaa,9/1/2027,100.16,100.48
"Canada, Government of...",CAD,3.50%,2.63%,Aaa,3/1/2028,101.49,102.12
"Canada, Government of...",CAD,3.25%,2.68%,Aaa,9/1/2028,101.13,101.76
"Canada, Government of...",CAD,4.00%,2.74%,Aaa,3/1/2029,103.43,104.07
"Canada, Government of...",CAD,3.50%,2.83%,Aaa,9/1/2029,102.04,102.67
"Canada, Government of...",CAD,2.75%,2.88%,Aaa,3/1/2030,99.5,99.54
"Canada, Government of...",CAD,2.75%,2.94%,Aaa,9/1/2030,99.18,99.24